{"stats":{"minecraft:custom":{"minecraft:time_since_rest":2809,"minecraft:sprint_one_cm":42576,"minecraft:walk_one_cm":33582,"minecraft:damage_taken":424,"minecraft:mob_kills":1,"minecraft:drop":12,"minecraft:damage_dealt":224,"minecraft:fly_one_cm":51131,"minecraft:crouch_one_cm":4348,"minecraft:play_time":15591,"minecraft:deaths":1,"minecraft:sneak_time":1679,"minecraft:jump":253,"minecraft:leave_game":1,"minecraft:walk_on_water_one_cm":1366,"minecraft:time_since_death":9744,"minecraft:climb_one_cm":266,"minecraft:sleep_in_bed":2,"minecraft:total_world_time":15591,"minecraft:fall_one_cm":10178},"minecraft:used":{"minecraft:apple":1,"minecraft:armor_stand":4,"minecraft:iron_helmet":1,"minecraft:iron_boots":1,"minecraft:iron_chestplate":1,"minecraft:target":1,"luminousworld:grassflowers":1,"minecraft:carrot":3,"tombstone:gift":1,"alexsmobs:animal_dictionary":1,"minecraft:iron_leggings":1},"minecraft:killed":{"ecologics:coconut_crab":1},"minecraft:mined":{"minecraft:hay_block":25,"minecraft:target":1,"minecraft:bookshelf":9,"minecraft:grass_block":1,"luminousworld:grassflowers":1,"minecraft:tall_grass":1,"minecraft:oak_leaves":1},"minecraft:dropped":{"minecraft:poppy":1,"minecraft:dirt":1,"minecraft:potato":1,"minecraft:wheat_seeds":11,"alexsmobs:animal_dictionary":1,"minecraft:beetroot_seeds":2,"minecraft:rabbit":1,"minecraft:wheat":1,"undead_revamp2:arapholia":2,"tombstone:grave_dust":1,"minecraft:carrot":2,"minecraft:item_frame":1},"minecraft:picked_up":{"minecraft:book":27,"minecraft:iron_chestplate":3,"minecraft:wheat":2,"ecologics:coconut_slice":6,"minecraft:potato":2,"minecraft:target":1,"tombstone:grave_dust":1,"minecraft:carrot":4,"minecraft:dirt":1,"minecraft:cooked_mutton":1,"minecraft:iron_leggings":3,"minecraft:armor_stand":4,"minecraft:item_frame":1,"luminousworld:grassflowers":1,"minecraft:apple":1,"minecraft:beetroot_seeds":4,"minecraft:bow":6,"minecraft:wheat_seeds":22,"minecraft:hay_block":25,"minecraft:iron_helmet":3,"minecraft:bread":1,"minecraft:poppy":2,"minecraft:rabbit":2,"minecraft:mutton":1,"undead_revamp2:arapholia":2,"ecologics:crab_claw":1,"minecraft:iron_boots":3}},"DataVersion":3465}