{"stats":{"minecraft:custom":{"minecraft:mob_kills":2,"minecraft:interact_with_campfire":1,"minecraft:leave_game":3,"minecraft:time_since_death":20097,"minecraft:sleep_in_bed":3,"minecraft:climb_one_cm":2450,"minecraft:time_since_rest":1068,"minecraft:sprint_one_cm":72664,"minecraft:damage_taken":485,"minecraft:walk_one_cm":81208,"minecraft:drop":16,"minecraft:damage_dealt":474,"minecraft:fly_one_cm":72519,"minecraft:open_chest":1,"minecraft:crouch_one_cm":7747,"minecraft:play_time":25944,"tombstone:undead_killed":1,"minecraft:deaths":1,"minecraft:sneak_time":2534,"minecraft:jump":444,"minecraft:walk_on_water_one_cm":2637,"minecraft:total_world_time":25944,"minecraft:fall_one_cm":14800},"minecraft:used":{"minecraft:oak_trapdoor":1,"minecraft:cooked_mutton":1,"minecraft:armor_stand":4,"minecraft:iron_chestplate":1,"minecraft:target":1,"luminousworld:grassflowers":1,"minecraft:carrot":3,"minecraft:apple":5,"minecraft:lantern":1,"minecraft:iron_pickaxe":7,"minecraft:iron_helmet":1,"minecraft:iron_boots":1,"minecraft:stone_bricks":1,"minecraft:hay_block":3,"minecraft:scaffolding":8,"tombstone:gift":1,"alexsmobs:animal_dictionary":1,"minecraft:iron_leggings":1},"minecraft:killed":{"undead_revamp2:thesmoker":1,"ecologics:coconut_crab":1},"minecraft:mined":{"minecraft:scaffolding":40,"minecraft:grass_block":1,"luminousworld:grassflowers":1,"minecraft:tall_grass":9,"minecraft:hay_block":69,"minecraft:oak_trapdoor":1,"minecraft:target":1,"minecraft:tnt":10,"minecraft:grass":6,"minecraft:bookshelf":20,"minecraft:stone_bricks":1,"minecraft:oak_leaves":1},"minecraft:dropped":{"minecraft:wheat_seeds":11,"alexsmobs:animal_dictionary":1,"minecraft:wheat":1,"undead_revamp2:arapholia":2,"minecraft:azure_bluet":1,"minecraft:carrot":2,"minecraft:item_frame":1,"minecraft:poppy":2,"minecraft:dirt":1,"minecraft:potato":1,"minecraft:cornflower":1,"minecraft:beetroot_seeds":2,"minecraft:rabbit":1,"tombstone:grave_dust":1,"minecraft:dandelion":1},"minecraft:picked_up":{"minecraft:iron_chestplate":3,"minecraft:wheat":3,"minecraft:feather":1,"minecraft:azure_bluet":1,"minecraft:wooden_pickaxe":1,"minecraft:potato":2,"minecraft:flint":1,"minecraft:cornflower":1,"minecraft:dirt":1,"minecraft:oak_trapdoor":1,"minecraft:lantern":2,"minecraft:armor_stand":4,"minecraft:iron_leggings":3,"minecraft:cooked_mutton":1,"minecraft:item_frame":1,"minecraft:experience_bottle":1,"minecraft:apple":1,"minecraft:stone_bricks":1,"minecraft:bow":6,"minecraft:wheat_seeds":25,"minecraft:poppy":2,"minecraft:iron_pickaxe":1,"minecraft:rabbit":2,"minecraft:iron_boots":3,"ecologics:crab_claw":1,"minecraft:book":60,"minecraft:scaffolding":60,"ecologics:coconut_slice":6,"minecraft:dandelion":1,"minecraft:target":1,"tombstone:grave_dust":1,"minecraft:carrot":4,"minecraft:tnt":10,"luminousworld:grassflowers":1,"minecraft:beetroot_seeds":4,"minecraft:iron_helmet":3,"minecraft:hay_block":69,"minecraft:bread":2,"minecraft:mutton":1,"undead_revamp2:arapholia":2}},"DataVersion":3465}